group,exam,initialHcost
-1,-1,0.0010323,True,5,13,17,18.2311,1.10706e-05,6.02538,3.65882e-06,0.862152,5.23529e-07,3.24518,1.97059e-06
-1,-1,0.0997252,True,0,17,,0.155026,0.0001546,0.0585609,5.84e-05,0.0112309,1.12e-05
