group,exam,initialHcost
-1,-1,0.106581,True,0,23,,0.131824,0.0001405,0.0774997,8.26e-05,0.0123849,1.32e-05
