group,exam,initialHcost
-1,-1,0.103757,True,0,17,,0.141484,0.0001468,0.0486713,5.05e-05,0.0133003,1.38e-05
