group,exam,initialHcost
3,7,0.107683,True,0,125,,5.81503,0.0062618,2.266,0.0024401,0.690823,0.0007439
