group,exam,initialHcost
-1,-1,0.102123,True,0,17,,0.202599,0.0002069,0.0501358,5.12e-05,0.0114568,1.17e-05
