group,exam,initialHcost
-1,-1,0.104037,True,0,13,,0.494535,0.0005145,0.0641117,6.67e-05,0.0298932,3.11e-05
16,9,0.115422,True,0,2371,,551.936,0.637058,17.7261,0.0204599,7.58258,0.008752
