group,exam,initialHcost
-1,-1,0.113469,True,0,15,,0.129198,0.0001466,0.0452986,5.14e-05,0.00925361,1.05e-05
