group,exam,initialHcost
-1,-1,0.101425,True,0,17,,0.590092,0.0005985,0.0594529,6.03e-05,0.0182401,1.85e-05
