group,exam,initialHcost
-1,-1,0.100611,True,0,17,,0.143623,0.0001445,0.0561572,5.65e-05,0.0115296,1.16e-05
