group,exam,initialHcost
-1,-1,0.0009425,True,5,13,17,
16,9,0.339981,True,44,1140,2369,
