group,exam,initialHcost
-1,-1,0.0009665,True,5,13,17,12.3642,7.02941e-06,6.27005,3.56471e-06,0.889809,5.05882e-07,3.44542,1.95882e-06
-1,-1,0.10632,True,0,15,,0.152747,0.0001624,0.0490031,5.21e-05,0.00959369,1.02e-05
