group,exam,initialHcost
2,7,0.106179,True,0,1335,,37.813,0.0401495,10.0702,0.0106924,4.90248,0.0052054
