group,exam,initialHcost
16,9,0.108068,True,0,8867,,241.054,0.260503,87.0854,0.0941116,32.6258,0.0352581
