group,exam,initialHcost
-1,-1,0.0008824,True,5,13,17,13.6446,7.08235e-06,6.8903,3.57647e-06,0.963282,5e-07,3.62647,1.88235e-06
-1,-1,0.113169,True,0,13,,0.141293,0.0001599,0.0452419,5.12e-05,0.00865958,9.8e-06
