group,exam,initialHcost
-1,-1,0.0009247,True,5,13,17,11.9498,6.5e-06,7.88364,4.28824e-06,0.886774,4.82353e-07,3.4714,1.88824e-06
-1,-1,0.100172,True,0,13,,0.130774,0.000131,0.0512117,5.13e-05,0.00988295,9.9e-06
