group,exam,initialHcost
-1,-1,0.0972756,True,0,17,,0.138781,0.000135,0.0507835,4.94e-05,0.0112053,1.09e-05
