group,exam,initialHcost
44,4,0.113877,True,0,119,,3.3119,0.0037715,0.82791,0.0009428,0.395953,0.0004509
