group,exam,initialHcost
-1,-1,0.10791,True,0,17,,0.172737,0.0001864,0.0492079,5.31e-05,0.0102864,1.11e-05
