group,exam,initialHcost
-1,-1,0.0044929,True,5,13,17,9.06541,2.39588e-05,2.04322,5.4e-06,0.202542,5.35294e-07,1.38218,3.65294e-06
