group,exam,initialHcost
-1,-1,0.102866,True,0,13,,0.173041,0.000178,0.0552176,5.68e-05,0.0107908,1.11e-05
16,9,0.115784,True,0,83224,,1680.07,1.94526,576.652,0.667673,201.761,0.233607
