group,exam,initialHcost
16,9,0.106823,True,0,2371,,64.5537,0.0689579,22.748,0.0243,9.10024,0.0097211
