group,exam,initialHcost
4,7,114.4,True,56,371426,801504,8.49578,1.21262e-05,4.90812,7.00547e-06,0.851523,1.2154e-06,8.04432,1.14818e-05
