group,exam,initialHcost
-1,-1,0.108239,True,0,15,,0.124539,0.0001348,0.0498897,5.4e-05,0.00896167,9.7e-06
