group,exam,initialHcost
2,7,0.09974,True,0,1335,,41.1378,0.0410308,10.8826,0.0108543,5.07129,0.0050581
